{"w": 0.051879134175060924, "b": -1.8628904500466827, "X": [47.86821909849559, 79.21943476371435, 59.7766157187586, 67.42808344636495, 106.59886022243462, 45.76555800536935, 103.45205397629462, 56.594600217650786, 60.771952046004486, 111.57862896476637, 32.41245229188103, 118.75920506731472, 41.79053316227213, 81.33619877758309, 54.638870703504104, 45.605984493462955, 51.541981698965834, 39.320985057155774, 45.99321290431876, 52.26591628197549, 27.40391158116347, 26.079793117047146, 46.610661918934305, 25.943083825370437, 64.47580950232918, -1.3940950896298911, -17.085035447784122, 49.70176207978917, -11.90910869395687, 34.66836456249598, 8.936074286479242, 17.14723218525101, -29.026768589943913, 3.8979786406877293, -17.660742363105584, 3.303896904488227, 26.801264755763054, 31.490367558937184, 10.760491175999286, 9.535490148708599, 4.309662561326502, 13.138160304186876, -25.565343529579017, 2.2007281386023734, 41.21241201224379, -7.308546104650733, 26.002229032398464, 32.07631056688118, -2.197902232714177, -19.466586450690066, 1.2457176075881946, -20.11255289168445, 0.5100191353018602, -53.37683444706176], "y": [1.0, 1.0, 1.0, 1.0, 1.0, 1.0, 1.0, 1.0, 1.0, 1.0, 1.0, 1.0, 1.0, 1.0, 1.0, 1.0, 1.0, 1.0, 1.0, 1.0, 1.0, 1.0, 1.0, 1.0, 1.0, 0.0, 0.0, 0.0, 0.0, 0.0, 0.0, 0.0, 0.0, 0.0, 0.0, 0.0, 0.0, 0.0, 0.0, 0.0, 0.0, 0.0, 0.0, 0.0, 0.0, 0.0, 0.0, 0.0, 0.0, 0.0, 0.0, 0.0, 0.0, 0.0]}